{"cameraMode":{"drawMode":0,"name":"Shaded","section":"Shading Mode"},"sceneLighting":true,"audioPlay":false,"sceneViewState":{"showFog":true,"showMaterialUpdate":true,"showSkybox":true,"showFlares":true,"showImageEffects":true,"showParticleSystems":true},"in2DMode":false,"pivot":{"x":1.966677188873291,"y":6.639457702636719,"z":4.0697760581970219},"rotation":{"x":0.08779876679182053,"y":0.8125123977661133,"z":-0.1268012821674347,"w":0.5626446008682251},"size":3.600121021270752,"orthographic":false}